Feature,Importance_Mean,Importance_Std
Avg_Heart_Rate,0.043150265359483256,0.01683787404592112
Max_Heart_Rate,0.032545936466087874,0.02617296443317992
Intensity_Score,0.021289674023783435,0.0077869079098346825
Daily_Workload,0.01455956332724897,0.015016939026189153
Sprint_Distance_Km,0.010700740209821369,0.02197397477794822
Previous_Performance,0.008948192530397758,0.02109935791891273
Distance_Km,0.004135387967396209,0.019669563567979487
Pass_Accuracy,0.001018331735056144,0.019131944682100648
Recent_Avg_Workload,0.00013365087673662402,0.01573851993869021
Recent_Avg_Recovery,-0.0017327737781179132,0.013751992332419218
Recovery_Score,-0.0028256864408928275,0.015596082327383971
Assists,-0.0030463331069305434,0.003191485324417649
Age,-0.004563979266672291,0.016880068354215464
Goals,-0.006113419732061587,0.009310026278948369
Rolling_7D_Workload,-0.006438766245081507,0.012889864267563571
Recent_Avg_Performance,-0.00912673246039688,0.01605866979246672
Rolling_28D_Workload,-0.012344272985052385,0.019093853328531685
Workload_Deviation,-0.02546347246016545,0.01844122430302003
Sleep_Hours,-0.03095243350958867,0.02169374164633679
Duration_Min,-0.0311659117263547,0.023334207444963256
